column,count,mean,std,min,max
sim_val_1,9288,0.40851866804871567,0.0812072065122305,0.2501181960105896,0.8189113673397173
